Portfolio,Annualized Return (%),Annualized Volatility (%)
1,11.22744442417403,14.092577248689958
2,11.271411280683306,14.855747047810757
3,11.321610039371835,15.81567785195256
4,9.353692988726635,11.039571818698318
5,10.089751452004034,11.803133565021149
6,6.734175307389949,6.977103998025467
7,7.20716760126751,7.814159850973837
8,7.352809596641545,8.063324383247803
