Portfolio,Sharpe Ratio,Sortino Ratio
1,0.5214959419533707,0.7212852039494883
2,0.4862356292248101,0.6636911752232927
3,0.44995935513744983,0.613407797924601
4,0.5903470496567209,0.8395900692808307
5,0.5748184040911525,0.8708214760520964
6,0.6026714235130651,0.9056829335350013
7,0.5928327164347122,0.8522941259117295
8,0.5800783971817703,0.8412342114382577
